origin,destination,allowed
3B-GYNECO/OBS,3B-GYNECO/OBS,1
3D-PEDIATRIE,3B-GYNECO/OBS,1
3D PEDOPSYCHIATRIE,3B-GYNECO/OBS,0
3F-EVAL./READAPTATION/AVC,3B-GYNECO/OBS,1
3FSP-SOINS PALLIATIFS,3B-GYNECO/OBS,0
4A-CHIR.GENERALE/GYN-ONCO/URO,3B-GYNECO/OBS,1
4B-PSYCHIATRIE,3B-GYNECO/OBS,0
4C-MED GEN/INTERNE/TELEMETRIE,3B-GYNECO/OBS,1
4D ONCOLOGIE,3B-GYNECO/OBS,1
4E-ORTHOPEDIE/URO/ORL/PLASTIE,3B-GYNECO/OBS,1
4F-NEPHROLOGIE,3B-GYNECO/OBS,1
SOINS INT MED CHIRURGICAUX,3B-GYNECO/OBS,0
SOINS CORONARIENS,3B-GYNECO/OBS,0
SOINS INTERMEDIAIRES,3B-GYNECO/OBS,0
3B-GYNECO/OBS,3D-PEDIATRIE,1
3D-PEDIATRIE,3D-PEDIATRIE,1
3D PEDOPSYCHIATRIE,3D-PEDIATRIE,0
3F-EVAL./READAPTATION/AVC,3D-PEDIATRIE,1
3FSP-SOINS PALLIATIFS,3D-PEDIATRIE,0
4A-CHIR.GENERALE/GYN-ONCO/URO,3D-PEDIATRIE,1
4B-PSYCHIATRIE,3D-PEDIATRIE,0
4C-MED GEN/INTERNE/TELEMETRIE,3D-PEDIATRIE,1
4D ONCOLOGIE,3D-PEDIATRIE,1
4E-ORTHOPEDIE/URO/ORL/PLASTIE,3D-PEDIATRIE,1
4F-NEPHROLOGIE,3D-PEDIATRIE,1
SOINS INT MED CHIRURGICAUX,3D-PEDIATRIE,0
SOINS CORONARIENS,3D-PEDIATRIE,0
SOINS INTERMEDIAIRES,3D-PEDIATRIE,0
3B-GYNECO/OBS,3D PEDOPSYCHIATRIE,0
3D-PEDIATRIE,3D PEDOPSYCHIATRIE,0
3D PEDOPSYCHIATRIE,3D PEDOPSYCHIATRIE,1
3F-EVAL./READAPTATION/AVC,3D PEDOPSYCHIATRIE,0
3FSP-SOINS PALLIATIFS,3D PEDOPSYCHIATRIE,0
4A-CHIR.GENERALE/GYN-ONCO/URO,3D PEDOPSYCHIATRIE,0
4B-PSYCHIATRIE,3D PEDOPSYCHIATRIE,1
4C-MED GEN/INTERNE/TELEMETRIE,3D PEDOPSYCHIATRIE,0
4D ONCOLOGIE,3D PEDOPSYCHIATRIE,0
4E-ORTHOPEDIE/URO/ORL/PLASTIE,3D PEDOPSYCHIATRIE,0
4F-NEPHROLOGIE,3D PEDOPSYCHIATRIE,0
SOINS INT MED CHIRURGICAUX,3D PEDOPSYCHIATRIE,0
SOINS CORONARIENS,3D PEDOPSYCHIATRIE,0
SOINS INTERMEDIAIRES,3D PEDOPSYCHIATRIE,0
3B-GYNECO/OBS,3F-EVAL./READAPTATION/AVC,1
3D-PEDIATRIE,3F-EVAL./READAPTATION/AVC,1
3D PEDOPSYCHIATRIE,3F-EVAL./READAPTATION/AVC,0
3F-EVAL./READAPTATION/AVC,3F-EVAL./READAPTATION/AVC,1
3FSP-SOINS PALLIATIFS,3F-EVAL./READAPTATION/AVC,0
4A-CHIR.GENERALE/GYN-ONCO/URO,3F-EVAL./READAPTATION/AVC,1
4B-PSYCHIATRIE,3F-EVAL./READAPTATION/AVC,0
4C-MED GEN/INTERNE/TELEMETRIE,3F-EVAL./READAPTATION/AVC,1
4D ONCOLOGIE,3F-EVAL./READAPTATION/AVC,1
4E-ORTHOPEDIE/URO/ORL/PLASTIE,3F-EVAL./READAPTATION/AVC,1
4F-NEPHROLOGIE,3F-EVAL./READAPTATION/AVC,1
SOINS INT MED CHIRURGICAUX,3F-EVAL./READAPTATION/AVC,0
SOINS CORONARIENS,3F-EVAL./READAPTATION/AVC,0
SOINS INTERMEDIAIRES,3F-EVAL./READAPTATION/AVC,0
3B-GYNECO/OBS,3FSP-SOINS PALLIATIFS,1
3D-PEDIATRIE,3FSP-SOINS PALLIATIFS,1
3D PEDOPSYCHIATRIE,3FSP-SOINS PALLIATIFS,0
3F-EVAL./READAPTATION/AVC,3FSP-SOINS PALLIATIFS,1
3FSP-SOINS PALLIATIFS,3FSP-SOINS PALLIATIFS,1
4A-CHIR.GENERALE/GYN-ONCO/URO,3FSP-SOINS PALLIATIFS,1
4B-PSYCHIATRIE,3FSP-SOINS PALLIATIFS,0
4C-MED GEN/INTERNE/TELEMETRIE,3FSP-SOINS PALLIATIFS,1
4D ONCOLOGIE,3FSP-SOINS PALLIATIFS,1
4E-ORTHOPEDIE/URO/ORL/PLASTIE,3FSP-SOINS PALLIATIFS,1
4F-NEPHROLOGIE,3FSP-SOINS PALLIATIFS,1
SOINS INT MED CHIRURGICAUX,3FSP-SOINS PALLIATIFS,0
SOINS CORONARIENS,3FSP-SOINS PALLIATIFS,0
SOINS INTERMEDIAIRES,3FSP-SOINS PALLIATIFS,0
3B-GYNECO/OBS,4A-CHIR.GENERALE/GYN-ONCO/URO,1
3D-PEDIATRIE,4A-CHIR.GENERALE/GYN-ONCO/URO,1
3D PEDOPSYCHIATRIE,4A-CHIR.GENERALE/GYN-ONCO/URO,0
3F-EVAL./READAPTATION/AVC,4A-CHIR.GENERALE/GYN-ONCO/URO,1
3FSP-SOINS PALLIATIFS,4A-CHIR.GENERALE/GYN-ONCO/URO,0
4A-CHIR.GENERALE/GYN-ONCO/URO,4A-CHIR.GENERALE/GYN-ONCO/URO,1
4B-PSYCHIATRIE,4A-CHIR.GENERALE/GYN-ONCO/URO,0
4C-MED GEN/INTERNE/TELEMETRIE,4A-CHIR.GENERALE/GYN-ONCO/URO,1
4D ONCOLOGIE,4A-CHIR.GENERALE/GYN-ONCO/URO,1
4E-ORTHOPEDIE/URO/ORL/PLASTIE,4A-CHIR.GENERALE/GYN-ONCO/URO,1
4F-NEPHROLOGIE,4A-CHIR.GENERALE/GYN-ONCO/URO,1
SOINS INT MED CHIRURGICAUX,4A-CHIR.GENERALE/GYN-ONCO/URO,0
SOINS CORONARIENS,4A-CHIR.GENERALE/GYN-ONCO/URO,0
SOINS INTERMEDIAIRES,4A-CHIR.GENERALE/GYN-ONCO/URO,0
3B-GYNECO/OBS,4B-PSYCHIATRIE,0
3D-PEDIATRIE,4B-PSYCHIATRIE,0
3D PEDOPSYCHIATRIE,4B-PSYCHIATRIE,1
3F-EVAL./READAPTATION/AVC,4B-PSYCHIATRIE,0
3FSP-SOINS PALLIATIFS,4B-PSYCHIATRIE,0
4A-CHIR.GENERALE/GYN-ONCO/URO,4B-PSYCHIATRIE,0
4B-PSYCHIATRIE,4B-PSYCHIATRIE,1
4C-MED GEN/INTERNE/TELEMETRIE,4B-PSYCHIATRIE,0
4D ONCOLOGIE,4B-PSYCHIATRIE,0
4E-ORTHOPEDIE/URO/ORL/PLASTIE,4B-PSYCHIATRIE,0
4F-NEPHROLOGIE,4B-PSYCHIATRIE,0
SOINS INT MED CHIRURGICAUX,4B-PSYCHIATRIE,0
SOINS CORONARIENS,4B-PSYCHIATRIE,0
SOINS INTERMEDIAIRES,4B-PSYCHIATRIE,0
3B-GYNECO/OBS,4C-MED GEN/INTERNE/TELEMETRIE,1
3D-PEDIATRIE,4C-MED GEN/INTERNE/TELEMETRIE,1
3D PEDOPSYCHIATRIE,4C-MED GEN/INTERNE/TELEMETRIE,0
3F-EVAL./READAPTATION/AVC,4C-MED GEN/INTERNE/TELEMETRIE,1
3FSP-SOINS PALLIATIFS,4C-MED GEN/INTERNE/TELEMETRIE,0
4A-CHIR.GENERALE/GYN-ONCO/URO,4C-MED GEN/INTERNE/TELEMETRIE,1
4B-PSYCHIATRIE,4C-MED GEN/INTERNE/TELEMETRIE,0
4C-MED GEN/INTERNE/TELEMETRIE,4C-MED GEN/INTERNE/TELEMETRIE,1
4D ONCOLOGIE,4C-MED GEN/INTERNE/TELEMETRIE,1
4E-ORTHOPEDIE/URO/ORL/PLASTIE,4C-MED GEN/INTERNE/TELEMETRIE,1
4F-NEPHROLOGIE,4C-MED GEN/INTERNE/TELEMETRIE,1
SOINS INT MED CHIRURGICAUX,4C-MED GEN/INTERNE/TELEMETRIE,0
SOINS CORONARIENS,4C-MED GEN/INTERNE/TELEMETRIE,0
SOINS INTERMEDIAIRES,4C-MED GEN/INTERNE/TELEMETRIE,0
3B-GYNECO/OBS,4D ONCOLOGIE,1
3D-PEDIATRIE,4D ONCOLOGIE,1
3D PEDOPSYCHIATRIE,4D ONCOLOGIE,0
3F-EVAL./READAPTATION/AVC,4D ONCOLOGIE,1
3FSP-SOINS PALLIATIFS,4D ONCOLOGIE,0
4A-CHIR.GENERALE/GYN-ONCO/URO,4D ONCOLOGIE,1
4B-PSYCHIATRIE,4D ONCOLOGIE,0
4C-MED GEN/INTERNE/TELEMETRIE,4D ONCOLOGIE,1
4D ONCOLOGIE,4D ONCOLOGIE,1
4E-ORTHOPEDIE/URO/ORL/PLASTIE,4D ONCOLOGIE,1
4F-NEPHROLOGIE,4D ONCOLOGIE,1
SOINS INT MED CHIRURGICAUX,4D ONCOLOGIE,0
SOINS CORONARIENS,4D ONCOLOGIE,0
SOINS INTERMEDIAIRES,4D ONCOLOGIE,0
3B-GYNECO/OBS,4E-ORTHOPEDIE/URO/ORL/PLASTIE,1
3D-PEDIATRIE,4E-ORTHOPEDIE/URO/ORL/PLASTIE,1
3D PEDOPSYCHIATRIE,4E-ORTHOPEDIE/URO/ORL/PLASTIE,0
3F-EVAL./READAPTATION/AVC,4E-ORTHOPEDIE/URO/ORL/PLASTIE,1
3FSP-SOINS PALLIATIFS,4E-ORTHOPEDIE/URO/ORL/PLASTIE,0
4A-CHIR.GENERALE/GYN-ONCO/URO,4E-ORTHOPEDIE/URO/ORL/PLASTIE,1
4B-PSYCHIATRIE,4E-ORTHOPEDIE/URO/ORL/PLASTIE,0
4C-MED GEN/INTERNE/TELEMETRIE,4E-ORTHOPEDIE/URO/ORL/PLASTIE,1
4D ONCOLOGIE,4E-ORTHOPEDIE/URO/ORL/PLASTIE,1
4E-ORTHOPEDIE/URO/ORL/PLASTIE,4E-ORTHOPEDIE/URO/ORL/PLASTIE,1
4F-NEPHROLOGIE,4E-ORTHOPEDIE/URO/ORL/PLASTIE,1
SOINS INT MED CHIRURGICAUX,4E-ORTHOPEDIE/URO/ORL/PLASTIE,0
SOINS CORONARIENS,4E-ORTHOPEDIE/URO/ORL/PLASTIE,0
SOINS INTERMEDIAIRES,4E-ORTHOPEDIE/URO/ORL/PLASTIE,0
3B-GYNECO/OBS,4F-NEPHROLOGIE,1
3D-PEDIATRIE,4F-NEPHROLOGIE,1
3D PEDOPSYCHIATRIE,4F-NEPHROLOGIE,0
3F-EVAL./READAPTATION/AVC,4F-NEPHROLOGIE,1
3FSP-SOINS PALLIATIFS,4F-NEPHROLOGIE,0
4A-CHIR.GENERALE/GYN-ONCO/URO,4F-NEPHROLOGIE,1
4B-PSYCHIATRIE,4F-NEPHROLOGIE,0
4C-MED GEN/INTERNE/TELEMETRIE,4F-NEPHROLOGIE,1
4D ONCOLOGIE,4F-NEPHROLOGIE,1
4E-ORTHOPEDIE/URO/ORL/PLASTIE,4F-NEPHROLOGIE,1
4F-NEPHROLOGIE,4F-NEPHROLOGIE,1
SOINS INT MED CHIRURGICAUX,4F-NEPHROLOGIE,0
SOINS CORONARIENS,4F-NEPHROLOGIE,0
SOINS INTERMEDIAIRES,4F-NEPHROLOGIE,0
3B-GYNECO/OBS,SOINS INT MED CHIRURGICAUX,1
3D-PEDIATRIE,SOINS INT MED CHIRURGICAUX,1
3D PEDOPSYCHIATRIE,SOINS INT MED CHIRURGICAUX,0
3F-EVAL./READAPTATION/AVC,SOINS INT MED CHIRURGICAUX,1
3FSP-SOINS PALLIATIFS,SOINS INT MED CHIRURGICAUX,0
4A-CHIR.GENERALE/GYN-ONCO/URO,SOINS INT MED CHIRURGICAUX,1
4B-PSYCHIATRIE,SOINS INT MED CHIRURGICAUX,0
4C-MED GEN/INTERNE/TELEMETRIE,SOINS INT MED CHIRURGICAUX,1
4D ONCOLOGIE,SOINS INT MED CHIRURGICAUX,1
4E-ORTHOPEDIE/URO/ORL/PLASTIE,SOINS INT MED CHIRURGICAUX,1
4F-NEPHROLOGIE,SOINS INT MED CHIRURGICAUX,1
SOINS INT MED CHIRURGICAUX,SOINS INT MED CHIRURGICAUX,1
SOINS CORONARIENS,SOINS INT MED CHIRURGICAUX,1
SOINS INTERMEDIAIRES,SOINS INT MED CHIRURGICAUX,1
3B-GYNECO/OBS,SOINS CORONARIENS,1
3D-PEDIATRIE,SOINS CORONARIENS,1
3D PEDOPSYCHIATRIE,SOINS CORONARIENS,0
3F-EVAL./READAPTATION/AVC,SOINS CORONARIENS,1
3FSP-SOINS PALLIATIFS,SOINS CORONARIENS,0
4A-CHIR.GENERALE/GYN-ONCO/URO,SOINS CORONARIENS,1
4B-PSYCHIATRIE,SOINS CORONARIENS,0
4C-MED GEN/INTERNE/TELEMETRIE,SOINS CORONARIENS,1
4D ONCOLOGIE,SOINS CORONARIENS,1
4E-ORTHOPEDIE/URO/ORL/PLASTIE,SOINS CORONARIENS,1
4F-NEPHROLOGIE,SOINS CORONARIENS,1
SOINS INT MED CHIRURGICAUX,SOINS CORONARIENS,1
SOINS CORONARIENS,SOINS CORONARIENS,1
SOINS INTERMEDIAIRES,SOINS CORONARIENS,1
3B-GYNECO/OBS,SOINS INTERMEDIAIRES,1
3D-PEDIATRIE,SOINS INTERMEDIAIRES,1
3D PEDOPSYCHIATRIE,SOINS INTERMEDIAIRES,0
3F-EVAL./READAPTATION/AVC,SOINS INTERMEDIAIRES,1
3FSP-SOINS PALLIATIFS,SOINS INTERMEDIAIRES,0
4A-CHIR.GENERALE/GYN-ONCO/URO,SOINS INTERMEDIAIRES,1
4B-PSYCHIATRIE,SOINS INTERMEDIAIRES,0
4C-MED GEN/INTERNE/TELEMETRIE,SOINS INTERMEDIAIRES,1
4D ONCOLOGIE,SOINS INTERMEDIAIRES,1
4E-ORTHOPEDIE/URO/ORL/PLASTIE,SOINS INTERMEDIAIRES,1
4F-NEPHROLOGIE,SOINS INTERMEDIAIRES,1
SOINS INT MED CHIRURGICAUX,SOINS INTERMEDIAIRES,0
SOINS CORONARIENS,SOINS INTERMEDIAIRES,0
SOINS INTERMEDIAIRES,SOINS INTERMEDIAIRES,1
