LOCATION,admission_avg,discharge_avg,los_avg
BAILD,1.644,1.0,1.7808764940239044
E IUSI,1.6050420168067228,1.32,7.290102389078498
TRI2N,1.3650793650793651,1.9244186046511629,38.50810810810811
G IUMF1,1.2941176470588236,1.3922651933701657,30.8643216080402
BAISTC,1.06,1.244186046511628,2.436974789915966
4F,1.152,1.5555555555555556,27.106617647058822
CAIURGOBS,1.5450643776824033,0.0,1.574468085106383
BAIRESUNIT,,,
4A,1.3103448275862069,3.708683473389356,25.53021978021978
BAIMIC,1.2969696969696969,1.4541062801932367,7.0181818181818185
3BTA,2.5089820359281436,1.0714285714285714,2.6774193548387095
KGERI,1.0,1.6965811965811965,33.4236641221374
KMEDSURG,2.347962382445141,2.935672514619883,23.23249299719888
KOBS,,,
ADMURT,4.18005540166205,1.0769230769230769,6.964383561643835
TRIURG,1.0769230769230769,1.4788732394366197,5.455587392550143
HTCRG,,1.125,342.2307692307692
BAI2W,1.6307053941908713,2.490506329113924,26.85878962536023
G IUSC,,,
HPGB4,,,
4E,1.2266666666666666,1.9824561403508771,28.579881656804734
BAIEMG,1.726027397260274,1.437125748502994,6.005665722379604
3D,1.121212121212121,2.0965517241379312,9.954692556634305
G IURG,1.1440677966101696,1.1333333333333333,1.4491525423728813
KTRAN,1.0,1.0888888888888888,114.32876712328768
BAISCN,1.2079207920792079,1.2150537634408602,4.060344827586207
3C,,1.2,26.0625
KPOUP,,,
HCRCB3,,,
E IPOU,1.585,1.5576923076923077,2.9466666666666668
HRA4,,,
HFORS,0.75,1.1379310344827587,71.90322580645162
BAISDU,,,
E IGYO,1.733788395904437,1.966887417218543,6.571428571428571
TRIDET,1.2967032967032968,1.5638766519823788,9.127753303964758
E ISIP,,,
KADDUIN,1.2933333333333332,1.4264705882352942,33.181372549019606
BAI2E,1.4685990338164252,1.6058091286307055,4.4363636363636365
BAI1W,1.1224489795918366,2.4819277108433737,9.84660766961652
CAIURG,1.1785714285714286,1.5,5.342205323193916
ADMURO,2.7133956386292835,1.3352601156069364,8.143646408839778
E IURG,3.156156156156156,1.4444444444444444,5.0701754385964914
BAIPSYPED,1.0930232558139534,1.037037037037037,6.984126984126984
TRIMED,1.4724409448818898,2.1717171717171717,46.76143790849673
KMEDI,1.4860335195530727,2.2066666666666666,26.513432835820897
AC200,1.0,1.0,692.7058823529412
E SSTO,1.5813953488372092,1.6887966804979253,9.066115702479339
BAI4W,1.0,1.2666666666666666,104.65486725663717
3FSP,1.0,1.2893081761006289,8.149700598802395
ADM AJC,3.0517241379310347,0.0,3.064935064935065
HCRCB1,,,
HFORR,1.0,1.0,358.64864864864865
BAI2WOF,,,
CAIMED,1.1111111111111112,1.127659574468085,26.2
BAIPSY,1.780590717299578,1.8995983935742973,22.48828125
E IPED,1.411214953271028,1.5374449339207048,5.4575645756457565
BAI4E,1.2077922077922079,1.7563025210084033,30.773006134969325
E IPEDOPSY,1.0612244897959184,1.0833333333333333,6.5
BAIPAN,,,
SINTER,1.1454545454545455,1.6755555555555555,8.126888217522659
HFORE,1.5675675675675675,1.5206611570247934,32.25
E IUSP,1.0,1.2352941176470589,49.74096385542169
3E,1.0,1.127659574468085,75.58558558558559
HRA2,,,
SCHIR,1.15,1.2823529411764707,9.11864406779661
4C,1.3333333333333333,2.5251572327044025,32.55172413793103
KVETS,,1.09375,120.96428571428571
POUPSN,1.2222222222222223,1.0810810810810811,4.646464646464646
BAI4PA,1.0338983050847457,1.3869565217391304,7.199233716475096
KPAL,,,
KNICU,,,
HTCR,,1.0,479.7142857142857
Q IUMF,1.0655737704918034,1.1810344827586208,19.54700854700855
TRIURGOBS,2.668639053254438,0.5,2.659824046920821
3B,0.9642857142857143,2.8309037900874636,9.0
KERADMIT,3.363914373088685,1.205607476635514,4.623880597014925
BAI3W,1.4429223744292237,2.127147766323024,17.411042944785276
4D,1.4343434343434343,1.7386363636363635,27.42809364548495
E INEO,0.96875,1.0,2.5789473684210527
SCOR,1.1694915254237288,1.331578947368421,6.850498338870432
3DPEDOPSY,,1.140625,15.305555555555555
G IUMF2,1.0384615384615385,1.0144927536231885,4.986301369863014
HTGER,1.0,,1.0
HPANDEMIE,,,
KNUR,,,
HACA1,,,
E IPSY,1.4722222222222223,1.8729508196721312,15.920634920634921
ADM UDC,0.9411764705882353,1.0869565217391304,2.032258064516129
BAIEROBS,4.421052631578948,0.0,4.4735376044568245
Q IPOU,,,
KUSI,1.0612244897959184,1.139240506329114,91.55882352941177
HRC4,,,
3A,1.0,1.1744186046511629,105.20792079207921
3F,1.173913043478261,1.223021582733813,33.50526315789474
KADMUR,0.8571428571428571,0.6363636363636364,2.1818181818181817
BAI1WCC,1.616326530612245,1.66798418972332,3.0763358778625953
BAI2EOF,,,
KICU,1.3982300884955752,1.2701149425287357,6.453571428571428
G IPOU,,,
CAIPA,1.0,1.0892857142857142,18.358024691358025
E IAJC,2.8382978723404255,1.03125,2.931914893617021
KPSY,1.3621621621621622,1.5828220858895705,22.789156626506024
AC300,1.0,1.0,450.92857142857144
E ICHI1,2.232484076433121,3.625,22.97252747252747
HFOR,,,
E ICHI2,,,
E IMED1,2.157232704402516,2.8441176470588236,26.977839335180054
Q IURG,1.1142857142857143,1.0,1.1428571428571428
E IREAD,1.0,1.5123456790123457,59.963157894736845
HTREH,1.0,1.0625,93.57142857142857
HTLTR,1.0,1.0,1990.5833333333333
BAIAMB,,,
BAI3WOF,1.0,1.1428571428571428,56.06382978723404
ADMUR,3.0413793103448277,0.5,3.5062111801242235
E IPAL,1.08,1.210144927536232,6.934640522875817
ADMURE,3.226628895184136,1.2030075187969924,4.991643454038997
E IUMF,1.0,1.1951219512195121,8.953125
AUB,4.261061946902655,4.200873362445415,77.24890829694323
BAIDOSA,1.5474452554744527,1.0,1.5547445255474452
HRC3,,,
3BPOUP,2.4183976261127595,2.4660493827160495,5.9397590361445785
4B,1.0263157894736843,2.2072072072072073,40.937777777777775
